Second name,First name,Height(cm),Weight(kg),Country code,Gender,Sport/Discipline
Pipes,Ben,204,90,GBR,M,Volleyball
Bolshakov,Sergey,190,90,RUS,M,Swimming
Niyomugabo,Jackson,184,71,RWA,M,Swimming
Palameika,Madara,183,76,LAT,W,Athletics
Sibello,Gianfranco,188,84,ITA,M,Sailing
Kulkina,Anna,167,52,KAZ,W,Synchronised Swimming
Degtyarev,Egor,202,96,RUS,M,Swimming
Garcia,Fernando Gabriel,190,85,ARG,M,Handball
Kynard,Erik,193,86,USA,M,Athletics
Taouerghi,Anouer,178,77,TUN,M,Volleyball
O'KEEFFE,Michael,183,78,NZL,M,Football
Cheverton,Samantha,160,48,CAN,W,Swimming
Takano,Aya,164,54,JPN,W,Swimming
Sakai,Hiroki,183,70,JPN,M,Football
Eastham,Casey,170,62,AUS,W,Hockey
Yushkov,Ivan,192,130,RUS,M,Athletics
Kalmer,Rene,178,49,RSA,W,Athletics
Hladikova,Aneta,171,62,CZE,W,Cycling - BMX
Bernardova,Sona,168,55,CZE,W,Synchronised Swimming
Tenorio Silva,Rosa,163,69,ECU,W,Weightlifting
Campazzo,Facundo,179,88,ARG,M,Basketball
Ghayaza,Mokhtar,205,106,TUN,M,Basketball
Lucas,Dakota,170,68,NZL,M,Football
Mullin,Shauna,178,74,GBR,W,Beach Volleyball
Wiersum,Peter,173,55,NED,M,Rowing
Duenas,Crispin,170,81,CAN,M,Archery
Yamamoto,Kohei,182,69,JPN,M,Cycling - Mountain Bike
Kvyatkovskyy,Andriy,173,71,UKR,M,Wrestling
Tejeda,Gladys,162,46,PER,W,Athletics
Aranowski,Krystian,198,100,POL,M,Rowing
Ericson,Lisa,165,58,SWE,W,Sailing
Castillo Suarez,Jocelyn,151,47,VEN,W,Diving
Zevina,Daryna,182,64,UKR,W,Swimming
Siegrist,Benjamin,194,85,SUI,M,Football
Mier,Hiram,179,70,MEX,M,Football
Pang,Wei,179,80,CHN,M,Shooting
Adams,Antoine,180,79,SKN,M,Athletics
Kim,Jiyeon,165,57,KOR,W,Fencing
He,Zhiwen,173,72,ESP,M,Table Tennis
Lebherz,Yannick,194,85,GER,M,Swimming
Xue,Chen,190,79,CHN,W,Beach Volleyball
Platnitski,Dzmitry,190,84,BLR,M,Athletics
Pollack,Golan,175,66,ISR,M,Judo
Morganella,Michel,182,77,SUI,M,Football
Lofgren,Esther,188,79,USA,W,Rowing
Ryabtsev,Vladislav,194,97,RUS,M,Rowing
Williams,Venus,185,75,USA,W,Tennis
De Colo,de COLO Nando,195,89,FRA,M,Basketball
Soeroredjo,Virgil,173,78,SUR,M,Badminton
Tirode,Stephanie,165,80,FRA,W,Shooting
Casanova,Elisa,185,100,ITA,W,Water Polo
Romeu,Oriol,183,89,ESP,M,Football
Reif,Christian,196,85,GER,M,Athletics
Sendriute,Zinaida,188,94,LTU,W,Athletics
Svarc,Premysl,177,66,CZE,M,Triathlon
Hernandez,Abel,185,73,URU,M,Football
Hare,Martin,193,93,GBR,M,Handball
Semmler,Ilka,183,70,GER,W,Beach Volleyball
Belkina,Olga,173,58,RUS,W,Athletics
Rodas Ochoa,Manuel,172,68,GUA,M,Cycling - Road
Booth,Melanie,175,65,CAN,W,Football
Diarra,Elea Mariama,175,60,FRA,W,Athletics
Cesan,Michelle,173,66,USA,W,Hockey
Pironkova,Tsvetana,180,66,BUL,W,Tennis
Kazakevics,Igors,176,76,LAT,M,Athletics
Cerra,Juan Ignacio,180,100,ARG,M,Athletics
D Aniello,Francesco,170,82,ITA,M,Shooting
Kyiko,Maryna,162,52,UKR,W,Gymnastics - Trampoline
Wong,Helena,158,53,SIN,W,Weightlifting
Michshuk,Angelina,155,54,KAZ,W,Shooting
Coates,Sebastian,196,85,URU,M,Football
Kim,Sol Ji,168,57,KOR,W,Rowing
Sikora,Rafal,177,73,POL,M,Athletics
Riparelli,Jacques,183,81,ITA,M,Athletics
Kim,Youngkwang,184,85,KOR,M,Football
Muller,Lena,173,59,GER,W,Rowing
Pieterse,Erasmus,189,85,RSA,M,Hockey
Schmidt,Paloma,165,64,PER,W,Sailing
Midana,Augusto,167,74,GBS,M,Wrestling
Ramirez,Candido,169,68,MEX,M,Football
Lindh,Mikaela,164,54,FIN,W,Equestrian
Chitou,Shafiq,168,60,BEN,M,Boxing
Langehanenberg,Helen,164,48,GER,W,Equestrian
Gnabouyou,Marie-Paule,185,79,FRA,W,Handball
Carey,Michelle,169,57,IRL,W,Athletics
Migitinov,Soltan,175,75,AZE,M,Boxing
Steyaert,Sarah,176,69,FRA,W,Sailing
Sommer,Lene,170,66,DEN,W,Sailing
Ivanov,Martin,172,66,BUL,M,Judo
PATERSON-ROBINSON,James,170,65,AUS,M,Equestrian
Harper,Marvin,173,71,RSA,M,Hockey
Spencer,Mary,180,73,CAN,W,Boxing
Xu,Lijia,176,60,CHN,W,Sailing
Matienko,Anna,182,68,RUS,W,Volleyball
Zhao,Yudiao,174,70,CHN,W,Hockey
Espeso,Maria Elena,161,48,ESP,W,Athletics
Pawlowski,Lukasz,183,70,POL,M,Rowing
Tu,Kai-Wen,169,66,TPE,M,Judo
Hurd,Eric,165,63,USA,M,Canoe Slalom
Shibaev,Alexander,194,77,RUS,M,Table Tennis
Melian,Alberto Ezequiel,170,56,ARG,M,Boxing
Kolocova,Kristyna,170,62,CZE,W,Beach Volleyball
Murphy,Grainne,171,71,IRL,W,Swimming
Donckers,Karin,168,57,BEL,W,Equestrian
Idrisov,Mikhail,174,70,RUS,M,Athletics
Baier,Maik,180,91,GER,M,Cycling - BMX
Atkinson,Amy,165,55,GUM,W,Athletics
Yaroshchuk,Hanna,176,57,UKR,W,Athletics
Doi,Manami,166,56,JPN,W,Sailing
Hu,Melek,165,53,TUR,W,Table Tennis
Subschinski,Nora,159,57,GER,W,Diving
Lazuka,Yevgeniy,189,81,AZE,M,Swimming
Chintoan,Rares Daniel,189,120,ROU,M,Wrestling
Hegerty,Francis,188,95,AUS,M,Rowing
Rodrigues,Ana Paula,172,64,BRA,W,Handball
Drexel,Ingrid,173,62,MEX,W,Cycling - Road
Caianiello,Andrea,183,73,ITA,M,Rowing
Baek,Il Joo,170,66,KOR,W,Swimming
Knox,Bronwen,182,88,AUS,W,Water Polo
Mitchell,Manteo,185,79,USA,M,Athletics
Nchout,Ajara,164,65,CMR,W,Football
Harradine,Benn,198,115,AUS,M,Athletics
Larionov,Dmitry,185,76,RUS,M,Canoe Slalom
Guenot,Steeve,172,66,FRA,M,Wrestling
Jim,Asenathi,176,65,RSA,M,Sailing
Espinoza,Maria del Rosario,173,70,MEX,W,Taekwondo
Ouedraogo,Adama,177,72,BUR,M,Swimming
Jung,Jinhwa,182,74,KOR,M,Modern Pentathlon
Piron,Beatriz,150,48,DOM,W,Weightlifting
Calderon,Jose,191,90,ESP,M,Basketball
Parra,Yusbelys,170,65,VEN,W,Athletics
Snyders,Glenn,179,81,NZL,M,Swimming
Sanchez Moccia,Rocio,157,54,ARG,W,Hockey
Velikov,Radoslav Marinov,162,55,BUL,M,Wrestling
Dudas,Mihail,184,84,SRB,M,Athletics
Peralta,Maria,167,49,ARG,W,Athletics
Wilkinson,Michael,188,86,CAN,M,Rowing
Gudzineviciute,Daina,178,80,LTU,W,Shooting
Tchrikishvili,Avtandil,182,81,GEO,M,Judo
Lindberg,Hans,188,88,DEN,M,Handball
Abdelaal,Hesham,167,52,EGY,M,Boxing
Liu,Zige,181,70,CHN,W,Swimming
AL-ATHBA,Rashid,180,104,QAT,M,Shooting
Jumah,Bayan,184,75,SYR,W,Swimming
Williams,Shericka,167,54,JAM,W,Athletics
Kim,Seung Gyu,187,80,KOR,M,Football
Deakes,Nathan,185,66,AUS,M,Athletics
Seok,Hajung,172,59,KOR,W,Table Tennis
Nalbandian,David,180,79,ARG,M,Tennis
Cooke,Nicole,167,58,GBR,W,Cycling - Road
Bindrich,Karsten,188,105,GER,M,Shooting
Johansson,Emma,167,58,SWE,W,Cycling - Road
Archibald,Robert,212,115,GBR,M,Basketball
Afroudakis,Georgios,194,103,GRE,M,Water Polo
Rojas Mina,Anderson,180,64,ECU,M,Boxing
Gbagbeke,Stanley,190,79,NGR,M,Athletics
Yano,Kyoko,165,60,JPN,W,Football
Sayers,Goldie,171,70,GBR,W,Athletics
Karina,Endri,186,94,ALB,M,Weightlifting
Amos,Nijel,179,60,BOT,M,Athletics
Gong,Lei,185,88,CHN,M,Sailing
Nikfar,Amin,198,130,IRI,M,Athletics
Soriano,Yon,170,68,DOM,M,Athletics
Unger,Tobias,180,74,GER,M,Athletics
Hristov,Valentin,156,56,AZE,M,Weightlifting
Xian,Yifang,170,62,FRA,W,Table Tennis
Dimitrov,Grigor,190,81,BUL,M,Tennis
Pinto,Tatjana,170,55,GER,W,Athletics
Brooks,Lance,198,123,USA,M,Athletics
Gao,Song,190,81,CHN,W,Basketball
Watt,Mitchell,184,83,AUS,M,Athletics
Murdoch,Andrew,183,82,NZL,M,Sailing
WADE-FRAY,Jenaya,175,65,GBR,W,Basketball
Howard,Malcolm,200,100,CAN,M,Rowing
Choi,Ki Ho,173,59,HKG,M,Cycling - Track
Barlow,David,205,97,AUS,M,Basketball
Chen,Yibing,160,58,CHN,M,Gymnastics - Artistic
Alegre,Ramon,171,71,ESP,M,Hockey
Hatamkhanova,Oksana,161,51,AZE,W,Swimming
Wells,Matthew,188,90,GBR,M,Rowing
Dodig,Ivan,183,83,CRO,M,Tennis
Crow,Kim,188,74,AUS,W,Rowing
Fildebrandt,Christoph,193,78,GER,M,Swimming
Millar,Ian,185,76,CAN,M,Equestrian
Montero,Victoria,166,64,MEX,W,Badminton
Houvenaghel,Wendy,176,60,GBR,W,Cycling - Track
Shimamoto,Mami,165,103,JPN,W,Weightlifting
Maoua,Atef,200,100,TUN,M,Basketball
Andreeva,Viktoriia,189,76,RUS,W,Swimming
Lobacevske,Diana,175,61,LTU,W,Athletics
Farnik,Thomas,183,83,AUT,M,Shooting
Korstin,Ilona,182,70,RUS,W,Basketball
Demus,Lashinda,170,60,USA,W,Athletics
Utriainen,Sanni,169,76,FIN,W,Athletics
Kudzelich,Sviatlana,170,52,BLR,W,Athletics
Rodriguez,Jose,185,80,MEX,M,Football
Jerzyk,Agnieszka,170,58,POL,W,Triathlon
Park,Keon Woo,173,65,KOR,M,Cycling - Track
Suligoy,Alex Misael,180,90,ARG,M,Shooting
Khmyrova,Tatiana,173,68,RUS,W,Handball
Rondon Martinez,Cindy Carolina,186,61,DOM,W,Volleyball
Ota,Kazuomi,183,145,JPN,M,Weightlifting
Doby,Mathieu,173,68,BEL,M,Canoe Slalom
Varnish,Jess,167,69,GBR,W,Cycling - Track
Atkins,Derrick,185,88,BAH,M,Athletics
Kavelasvili,David,180,94,GRE,M,Weightlifting
Bell,Katie,150,43,USA,W,Diving
Bragg,Rachel,184,75,GBR,W,Volleyball
Lina,Dace,162,53,LAT,W,Athletics
Kingma,Nienke,182,74,NED,W,Rowing
Gulyas,Peter,200,102,HUN,M,Handball
El Sayed,Ihab Abdelrahman,194,96,EGY,M,Athletics
Marescia,Marsha,165,56,RSA,W,Hockey
Holtwick,Katrin,175,62,GER,W,Beach Volleyball
Andryei,Tamir,181,80,MGL,M,Swimming
Oquendo Zabala,Carlos Mario,175,81,COL,M,Cycling - BMX
Schneider,Thomas,185,83,GER,M,Athletics
Jayasinghe,Thilini,164,58,SRI,W,Badminton
Abian,Pablo,177,78,ESP,M,Badminton
Parker,Jason,175,77,USA,M,Shooting
Leigh,Mike,179,73,CAN,M,Sailing
Thiele,Annekatrin,173,68,GER,W,Rowing
Zhang,Guowei,200,77,CHN,M,Athletics
Tsakonas,Likourgos-Stefanos,185,72,GRE,M,Athletics
Gadisov,Abdusalam,178,84,RUS,M,Wrestling
Pliev,Khetag,182,96,CAN,M,Wrestling
Md Mahfizur,Rahman,172,71,BAN,M,Swimming
Begu,Irina-Camelia,181,67,ROU,W,Tennis
Chen,Zuo,186,79,CHN,M,Swimming
Goudarzi,Sadegh Saeed,179,74,IRI,M,Wrestling
Knyazyeva,Hanna,179,67,UKR,W,Athletics
Hosszu,Katinka,170,56,HUN,W,Swimming
Draeger,Marie-Louise,170,59,GER,W,Rowing
Mccabe,McCABE Conlin,205,100,CAN,M,Rowing
Liu,Qiang,178,60,CHN,M,Boxing
Randall,Allison,178,86,JAM,W,Athletics
Cremer,Esther,170,55,GER,W,Athletics
Morozov,Artem,195,104,UKR,M,Rowing
Leighton,Fran,182,72,GBR,W,Water Polo
Gueye,Idrissa,174,66,SEN,M,Football
Mohsen,Marwan,187,82,EGY,M,Football
Henderson,Greg,180,74,NZL,M,Cycling - Road
Juwawo,Wirimai,162,64,ZIM,M,Athletics
Bekhit,Ahmed,171,62,EGY,M,Football
Storey,John,186,85,NZL,M,Rowing
Boom,Lars,191,81,NED,M,Cycling - Road
Jargalsaikhan,Chuluunbat,184,116,MGL,M,Wrestling
Pysmenska,Anna,157,50,UKR,W,Diving
Emane,Gevrise,160,63,FRA,W,Judo
Berki,Krisztian,178,69,HUN,M,Gymnastics - Artistic
Cotton,Amy,180,78,CAN,W,Judo
Cosby,Jessica,173,79,USA,W,Athletics
LEWIS-FRANCIS,Mark,180,95,GBR,M,Athletics
Zaiser,Lisa,174,63,AUT,W,Swimming
Kim,Yoo Suk,191,84,KOR,M,Athletics
Pong,Son Hwa,166,57,PRK,W,Football
Van Koeverden,van KOEVERDEN Adam,182,85,CAN,M,Canoe Sprint
Horasan,Yasemin,186,92,TUR,W,Basketball
Newlin,Brett,206,102,USA,M,Rowing
JANICS-DOUCHEV,Natasa,174,67,HUN,W,Canoe Sprint
Farquhar,Stuart,187,98,NZL,M,Athletics
Vitus,Maksim,178,68,BLR,M,Football
Paonessa,Mario,193,95,ITA,M,Rowing
Karakus,Ayhan,165,55,TUR,M,Wrestling
Konukh,Sofya,173,61,RUS,W,Water Polo
Haywood,Kate,178,68,GBR,W,Swimming
Aidietyte,Neringa,177,61,LTU,W,Athletics
Ueno,Yoshie,164,63,JPN,W,Judo
Williams,James,188,75,USA,M,Fencing
Cavaleiro,Deonise,180,73,BRA,W,Handball
Kopp,Pavol,183,74,SVK,M,Shooting
Dunford,Jason,182,74,KEN,M,Swimming
Zetlin,Julie,168,54,USA,W,Gymnastics - Rhythmic
Barzola,Miguel,172,54,ARG,M,Athletics
Draper,Warwick,186,79,AUS,M,Canoe Slalom
Falla Buchely,Emilio Andres,172,60,ECU,M,Cycling - BMX
Roux,Jessica,168,62,RSA,W,Swimming
Fontes,Bruno,175,83,BRA,M,Sailing
Abu Drais,Methkal,168,62,JOR,M,Athletics
Persse,Lee-Ann,181,74,RSA,W,Rowing
Khachatryan,Ara,175,85,ARM,M,Weightlifting
Hutarovich,Yauheni,179,71,BLR,M,Cycling - Road
Fabiana,,161,56,BRA,W,Football
Freitas,Patricia,172,58,BRA,W,Sailing
Maguire,Lindsey,187,76,GBR,W,Rowing
Renwick,Robbie,185,80,GBR,M,Swimming
Mercedes Reyes,Yulis,163,58,DOM,M,Taekwondo
Trana,Gabriela,164,50,CRC,W,Athletics
Deeva,Daria,181,69,RUS,W,Swimming
Ando,Shunsuke,185,79,JPN,M,Football
De Vecchi,de VECCHI Manuel,182,91,ITA,M,Cycling - BMX
Arzouqi,Maryam,165,55,KUW,W,Shooting
Vesnina,Elena,180,65,RUS,W,Tennis
Shu,Junrong,177,75,CHN,M,Canoe Slalom
Carvalho,Diogo,181,73,POR,M,Swimming
Gourouza,Zakari,175,60,NIG,M,Judo
Moura,Mayara,170,66,BRA,W,Handball
Izotov,Danila,193,82,RUS,M,Swimming
Lawrence,Micah,183,66,USA,W,Swimming
Toumarkin,Yakov,192,87,ISR,M,Swimming
Shkermankova,Maryna,161,69,BLR,W,Weightlifting
Ueyama,Yasuhiro,162,59,JPN,M,Gymnastics - Trampoline
Kaynar,Alican,191,97,TUR,M,Sailing
Freeland,Joel,211,111,GBR,M,Basketball
Pannecoucke,Laurens,182,82,BEL,M,Canoe Sprint
Lambourne,Richard,191,100,USA,M,Volleyball
Sanchez,Sergio,170,68,GUA,M,Shooting
Davtyan,Artur,162,64,ARM,M,Gymnastics - Artistic
Freixa,Santiago,181,85,ESP,M,Hockey
Magnussen,James,195,90,AUS,M,Swimming
Warfe,Glenn,181,72,AUS,M,Badminton
Dalakliev,Detelin,170,56,BUL,M,Boxing
Bohme,Marcus,211,115,GER,M,Volleyball
Mohd Taibi,Nur Suryani,168,65,MAS,W,Shooting
Krovyakov,Sergey,194,74,TKM,M,Swimming
Nunes,Miguel,180,72,POR,M,Sailing
Shin,Jonghun,168,49,KOR,M,Boxing
Eltrabily,Abdelrahman,190,120,EGY,M,Wrestling
Skujyte,Austra,188,77,LTU,W,Athletics
Narcisse,Daniel,189,93,FRA,M,Handball
Ahamada,Feta,160,50,COM,W,Athletics
Vos,Marianne,169,52,NED,W,Cycling - Road
Uru,Jade,189,88,NZL,M,Rowing
Armstrong,Kristin,173,58,USA,W,Cycling - Road
Bardis,Melanie,160,48,FRA,W,Weightlifting
Quioto,Romell,178,69,HON,M,Football
Mohamed,Aida,162,56,HUN,W,Fencing
Hradecka,Lucie,177,72,CZE,W,Tennis
De Vos,de VOS Charlotte,166,59,BEL,W,Hockey
Skelton,Katie,160,52,GBR,W,Synchronised Swimming
Post,Alise,157,58,USA,W,Cycling - BMX
Isaac,Chloe,169,57,CAN,W,Synchronised Swimming
Muda,Tycho,183,70,NED,M,Rowing
Marsagishvili,Dato,186,84,GEO,M,Wrestling
Mcevoy,McEVOY Cameron,185,85,AUS,M,Swimming
Matoshka,Alena,177,80,BLR,W,Athletics
Sun,Yujun,168,65,CHN,W,Water Polo
Cullen,Crista,182,75,GBR,W,Hockey
Muzaffer,Bahram,187,81,TUR,M,Boxing
Assefa,Sofia,168,53,ETH,W,Athletics
Grozer,Gyorgy,200,104,GER,M,Volleyball
Jeong,Darae,173,64,KOR,W,Swimming
Lapua Lapua,Tuau,140,62,TUV,M,Weightlifting
Asmerom,Yared,171,58,ERI,M,Athletics
Wiss,Alain,180,73,SUI,M,Football
Tunney,Rebecca,149,35,GBR,W,Gymnastics - Artistic
Nabarrete Zanetti,Arthur,156,62,BRA,M,Gymnastics - Artistic
Ibarguen,Caterine,180,70,COL,W,Athletics
MUELLER-WIELAND,Janne,175,66,GER,W,Hockey
Westbrook,Russell,191,85,USA,M,Basketball
Rutter,Adam,173,60,AUS,M,Athletics
Pinzon Garcia,Omar,186,85,COL,M,Swimming
Cerkovskis,Deniss,180,76,LAT,M,Modern Pentathlon
Hauffe,Gregor,190,93,GER,M,Rowing
Meloni,Roberto,180,90,ITA,M,Judo
Pusterla,Irene,176,64,SUI,W,Athletics
Wang,Ming-Hui,187,88,TPE,M,Rowing
Diaz Jr,Joseph,168,56,USA,M,Boxing
Zhexembinova,Aigerim,164,47,KAZ,W,Synchronised Swimming
Selby,Andrew,169,52,GBR,M,Boxing
Yim,Junghyun,182,66,KOR,M,Athletics
Millar,David,191,78,GBR,M,Cycling - Road
Parisi,Hugo,173,68,BRA,M,Diving
Pritchard,Alexis,178,59,NZL,W,Boxing
Jimenez,Israel,174,67,MEX,M,Football
Hooper,Damien,180,80,AUS,M,Boxing
Rodriguez,Alvaro,179,68,ESP,M,Athletics
Bazayev,Assan,170,66,KAZ,M,Cycling - Road
Tziallas,Georgios,190,90,GRE,M,Rowing
Gohdes,Matthew,180,80,AUS,M,Hockey
Kubokura,Satomi,161,52,JPN,W,Athletics
Wojtkowiak,Malgorzata,169,65,POL,W,Fencing
Macek,Bostjan,174,118,SLO,M,Shooting
Shankland,Leith,196,90,RSA,M,Swimming
Chioveanu,Mihnea,198,115,ROU,M,Water Polo
Twomey,Billy,172,75,IRL,M,Equestrian
Fuzaro,Filipe,176,75,BRA,M,Shooting
Grandjean,Yoris,186,82,BEL,M,Swimming
Kovalev,Nikolay,176,70,RUS,M,Fencing
Moore,Graeme,198,98,RSA,M,Swimming
Horton,Jonathan,157,59,USA,M,Gymnastics - Artistic
Zaitsev,Kostiantyn,193,91,UKR,M,Rowing
Jezierski,Andrezey,172,78,IRL,M,Canoe Sprint
Lovassy,Krisztian,180,71,HUN,M,Cycling - Road
Michaud,Sebastien,185,78,CAN,M,Taekwondo
Peralta Jara,Yamil,189,91,ARG,M,Boxing
Reau,Delphine,171,72,FRA,W,Shooting
Yang,Zi,178,65,SIN,M,Table Tennis
Adam,Idrissa,178,79,CMR,M,Athletics
Smith,Louis,179,76,GBR,M,Gymnastics - Artistic
Castro,Sheilla,187,67,BRA,W,Volleyball
Mccafferty,McCAFFERTY Lynn,168,64,GBR,W,Handball
Collazo Tourn,Rodolfo,177,70,URU,M,Rowing
Winther,Kasper,182,73,DEN,M,Rowing
Ivankova,Anastasiya,171,58,BLR,W,Gymnastics - Rhythmic
Kobonov,Daniyar,180,74,KGZ,M,Wrestling
Buffet,Romain,192,90,FRA,M,Judo
Park,Jiho,165,59,KOR,M,Diving
NI-DANIELSSON,Xia Lian,157,57,LUX,W,Table Tennis
Dinart,Didier,197,104,FRA,M,Handball
Timmers,Pieter,200,89,BEL,M,Swimming
Perez Vertti Ferrer,Arturo,194,80,MEX,M,Swimming
Yeremyan,Arman,185,80,ARM,M,Taekwondo
Rahautsou,Stsiapan,174,58,BLR,M,Athletics
Lukashyk,Kanstantsin,176,75,BLR,M,Shooting
Omelchuk,Oleh,170,75,UKR,M,Shooting
Karakasevic,Aleksandar,180,84,SRB,M,Table Tennis
Orujov,Rustam,179,73,AZE,M,Judo
Jurkowski,Kenneth,188,95,USA,M,Rowing
Efremov,Kristijan,184,72,MKD,M,Athletics
Kim,Bokyung,178,73,KOR,M,Football
Jeschke,Marta,164,58,POL,W,Athletics
Saad,eldin,168,82,EGY,M,Football
Gong,Lijiao,175,108,CHN,W,Athletics
Utanga,Joshua,165,89,COK,M,Canoe Sprint
Sun,Jie,182,69,CHN,M,Rowing
Tavares,Maria Leonor,165,55,POR,W,Athletics
Napo,Bamab,169,56,TOG,W,Athletics
Centrowitz,Matthew,175,60,USA,M,Athletics
De Nicolo,de NICOLO Marco,180,85,ITA,M,Shooting
Sinclair,Christine,175,67,CAN,W,Football
Drakou,Theodora,169,67,GRE,W,Swimming
Torrez Zamora,Dalia,170,63,NCA,W,Swimming
Ochal,Glenn,193,93,USA,M,Rowing
Kim,Changsoo,177,70,KOR,M,Football
Nasri,Noura,165,68,TUN,W,Shooting
Diosdado Garcia,Nuria,169,53,MEX,W,Synchronised Swimming
Alatoa,Janice,166,55,VAN,W,Athletics
Busila,Andrei,191,92,ROU,M,Water Polo
Jackson,Emma,162,51,AUS,W,Triathlon
WINSTANLEY - SMITH,Angie,179,66,GBR,W,Water Polo
Kiss,Daniel,196,96,HUN,M,Athletics
Tranter,Daniel,193,80,AUS,M,Swimming
Hejnova,Zuzana,173,62,CZE,W,Athletics
Salbookh,Haboosh,168,62,UAE,M,Football
Blanco,Cecilia,170,70,ESP,W,Judo
Bernado,Antoni,175,64,AND,M,Athletics
Mortensen,Karin,181,75,DEN,W,Handball
Moreira,Antonia,170,68,ANG,W,Judo
Neave,Lizzie,171,63,GBR,W,Canoe Slalom
Rindom,Anne-Marie,170,68,DEN,W,Sailing
Gayle,Robyn,168,65,CAN,W,Football
Chen,Ding,180,62,CHN,M,Athletics
Giggs,Ryan,180,75,GBR,M,Football
Drabenia,Hanna,153,46,BLR,W,Athletics
Tsurumi,Koko,141,34,JPN,W,Gymnastics - Artistic
Li,Hongxia,168,60,CHN,W,Hockey
Gavnholt,Kristina,177,69,CZE,W,Badminton
Bernard,Alain,196,90,FRA,M,Swimming
Dita,Constantina,160,48,ROU,W,Athletics
Losert,Venio,191,92,CRO,M,Handball
Mandic,Milica,180,72,SRB,W,Taekwondo
Chen,Weiwu,192,88,CHN,M,Swimming
Khinchegashvili,Vladimer,170,55,GEO,M,Wrestling
Trentin,Matteo,179,74,ITA,M,Cycling - Road
Hajeckova,Lenka,171,65,CZE,W,Beach Volleyball
Back,Suyeon,173,61,KOR,W,Swimming
DUNKLEY-SMITH,Joshua,194,98,AUS,M,Rowing
Taurasi,Diana,183,70,USA,W,Basketball
Gougnard,Simon,187,82,BEL,M,Hockey
Maestri,Riccardo,176,72,ITA,M,Swimming
Vasco,Maria,157,47,ESP,W,Athletics
Papachristos,Stergios,190,88,GRE,M,Rowing
Seppala,Hanna-Maria,174,59,FIN,W,Swimming
Castroviejo Nicolas,Jonathan,172,64,ESP,M,Cycling - Road
Lopez,Steven,191,83,USA,M,Taekwondo
Povazsay,Eszter,183,74,HUN,W,Swimming
Marco,Luis Alberto,184,70,ESP,M,Athletics
Vreeland,Shannon,188,79,USA,W,Swimming
Kim,Yeon-Koung,192,73,KOR,W,Volleyball
Abrantes,Arnaldo,184,78,POR,M,Athletics
Fang,Chieh Min,175,72,TPE,M,Badminton
Kim,Younggwon,187,74,KOR,M,Football
Szczepanski,Piotr,180,76,POL,M,Canoe Slalom
Hacker,Marcel,196,97,GER,M,Rowing
Flognman,Kristina,178,65,SWE,W,Handball
Zhou,Peng,183,88,CHN,M,Canoe Sprint
Soro,Slobodan,198,98,SRB,M,Water Polo
Pautaran,Maryna,178,68,BLR,W,Canoe Sprint
Hostetler,Cyrus,188,98,USA,M,Athletics
Vukovic,Drago,194,93,CRO,M,Handball
Hassounah,Samar,164,48,EGY,W,Synchronised Swimming
Sliskovic,Iva,193,82,CRO,W,Basketball
Brownlee,Jonny,178,68,GBR,M,Triathlon
Rosowsky,Husayn,183,76,GBR,M,Fencing
Heymans,Emilie,170,62,CAN,W,Diving
Buikevich,Aliaksandr,191,75,BLR,M,Fencing
Guyot,Sarah,176,68,FRA,W,Canoe Sprint
Skrzypulec,Agnieszka,166,56,POL,W,Sailing
Sakaev,Viacheslav,178,65,RUS,M,Athletics
Bahdanovich,Andrei,195,97,BLR,M,Canoe Sprint
Rochus,Olivier,166,63,BEL,M,Tennis
Kang,Seulki,170,48,CAF,W,Taekwondo
Castel,Alexianne,180,76,FRA,W,Swimming
Urantungalag,Bishindee,175,74,MGL,W,Archery
Porter,Tiffany,175,68,GBR,W,Athletics
Gafurzianova,Kamilla,174,64,RUS,W,Fencing
Glavan,Igor,172,62,UKR,M,Athletics
Chinnawong,Chatuphum,164,77,THA,M,Weightlifting
Mayes,Jane,173,88,GBR,W,Handball
Evans,Blair,175,65,AUS,W,Swimming
Lee,Tae Hoon,180,76,KOR,M,Sailing
Tchorz,Alicja,177,67,POL,W,Swimming
Williamson,Simeon,186,95,GBR,M,Athletics
Clement,Kerron,188,86,USA,M,Athletics
Edelman,Nufar,168,69,ISR,W,Sailing
Ponomarenko Janic,Spela,169,65,SLO,W,Canoe Sprint
Klimke,Ingrid,172,59,GER,W,Equestrian
Rosolska,Alicja,166,53,POL,W,Tennis
Nitta,Yudai,173,77,JPN,M,Cycling - Track
Owens,Ger,175,61,IRL,M,Sailing
Minczer,Albert,179,63,HUN,M,Athletics
Kiraz,Ummu,162,48,TUR,W,Athletics
Ram,Andy,180,83,ISR,M,Tennis
Marachkouskaya,Nastassia,167,60,BLR,W,Gymnastics - Artistic
Leclair,Stephanie,172,54,CAN,W,Synchronised Swimming
Allegrini,Agnese,162,57,ITA,W,Badminton
Kouyate,Cheikhou,192,75,SEN,M,Football
Qieyang,Shenjie,160,50,CHN,W,Athletics
Hausler,Claudia,168,52,GER,W,Cycling - Road
Giglmayr,Andreas,177,62,AUT,M,Triathlon
Lan,Xing,169,63,CHN,M,Shooting
Silva,Erlon,176,75,BRA,M,Canoe Sprint
Ukumanov,Rustam,192,86,KAZ,M,Water Polo
Signate,Mariama,189,84,FRA,W,Handball
Wicks,Lucy,173,62,GBR,W,Volleyball
Anderson,Rose,175,70,GBR,W,Basketball
Brennan,Ashleigh,159,46,AUS,W,Gymnastics - Artistic
Fernandez,Juan,174,73,ESP,M,Hockey
Broersen,Nadine,171,63,NED,W,Athletics
Kidane,Werknesh,160,41,ETH,W,Athletics
Schleck,Frank,186,69,LUX,M,Cycling - Road
Tamosaityte,Sonata,172,58,LTU,W,Athletics
Elder,Robert,193,115,FIJ,M,Archery
Ovinou,Raymond,175,66,PNG,M,Judo
Kaun,Sasha,211,114,RUS,M,Basketball
Zhang,Jun,186,120,CHN,M,Athletics
Fukumoto,Atsumi,169,57,JPN,W,Rowing
Park,Chanyoung,190,85,KOR,M,Handball
Degenkolb,John,180,79,GER,M,Cycling - Road
Bouzaid,Alexandre,172,64,SEN,M,Fencing
Bryant,Kelci,163,61,USA,W,Diving
Adams,Lyukman,194,87,RUS,M,Athletics
Ayling,Louise,167,58,NZL,W,Rowing
Willhelm,Chloe,168,53,FRA,W,Synchronised Swimming
Pennes,Gregoire,179,68,FRA,M,Gymnastics - Trampoline
Turiaf,Ronny,207,109,FRA,M,Basketball
Djerisilo,Ivana,185,72,SRB,W,Volleyball
Leumann,Katrin,174,54,SUI,W,Cycling - Mountain Bike
Pateniotis,Mike,180,76,GRE,M,Sailing
O`REGAN,Joseph,203,105,GBR,M,Water Polo
Saladino,Irving,176,70,PAN,M,Athletics
Kulhavy,Jaroslav,187,76,CZE,M,Cycling - Mountain Bike
Udachyn,Artem,186,160,UKR,M,Weightlifting
Najar,Andy,165,70,HON,M,Football
Moreau,Fabrice,179,69,FRA,M,Rowing
Higl,Nada,173,67,SRB,W,Swimming
Hogerwerf,Elisabeth,182,72,NED,W,Rowing
Searle,Greg,197,97,GBR,M,Rowing
Majewski,Tomasz,204,142,POL,M,Athletics
Mogushkov,Musa,170,66,RUS,M,Judo
Grubisic,Jelena,184,78,CRO,W,Handball
Om,Yun Chol,152,56,PRK,M,Weightlifting
Prokopenko,Anastasiya,163,59,BLR,W,Modern Pentathlon
Fontana,Marco Aurelio,172,68,ITA,M,Cycling - Mountain Bike
Makhneu,Vadzim,196,100,BLR,M,Canoe Sprint
Krueger,Stephan,187,86,GER,M,Rowing
Soumah,Ndeye Fatou,175,60,SEN,W,Athletics
Fyrstenberg,Mariusz,190,79,POL,M,Tennis
Oldham,Sam,168,62,GBR,M,Gymnastics - Artistic
Gomon,Yevgeniya,172,48,UKR,W,Gymnastics - Rhythmic
Kone,Kinapeya,180,90,CIV,M,Judo
Djokovic,Novak,188,82,SRB,M,Tennis
Mejri,Aymen,180,72,TUN,M,Rowing
Lika,Savva,168,73,GRE,W,Athletics
Ha,Jeemin,187,80,KOR,M,Sailing
Viudez,Tabare,164,64,URU,M,Football
Bourke,Fiona,187,75,NZL,W,Rowing
Sarmiento Melian,Daniel,188,87,ESP,M,Handball
NOCETI-KLEPACKA,Zofia,170,59,POL,W,Sailing
Yakovlev,Vladislav,184,82,KAZ,M,Rowing
Elmont,Guillaume,175,81,NED,M,Judo
Rosolova,Denisa,175,68,CZE,W,Athletics
Dai,Xiaoxiang,178,70,CHN,M,Archery
Krupeckaite,Simona,170,70,LTU,W,Cycling - Track
Alberto Francisca,Nely,178,81,ESP,W,Handball
Guialo,Isabel,168,65,ANG,W,Handball
Pacierpnik,Natalia,169,58,POL,W,Canoe Slalom
Sum,Eunice Jepkoech,159,53,KEN,W,Athletics
Mata Perez,Andres Eduardo,174,77,ESP,M,Weightlifting
Pareto,Paula,150,48,ARG,W,Judo
Gough,Westley,185,75,NZL,M,Cycling - Track
Montemayor,Ricardo,190,80,MEX,M,Sailing
Alkamali,Hamdan,183,74,UAE,M,Football
Schenkel,Reto,183,89,SUI,M,Athletics
Akrout,Youssef,180,78,TUN,M,Sailing
Engels,Floortje,172,70,NED,W,Hockey
Cadee,Erik,201,120,NED,M,Athletics
Bakhet,Mohammed Abduh,155,50,QAT,M,Athletics
Sziranyi Somogyi,Balazs,196,108,ESP,M,Water Polo
Oh,Sang Eun,186,72,KOR,M,Table Tennis
Karakus,Nimet,168,64,TUR,W,Athletics
Faraldo,Francesco,168,66,ITA,M,Judo
Chammartin,Ludovic,168,60,SUI,M,Judo
Vecchi,Irene,170,64,ITA,W,Fencing
Groteluschen,Simon,194,84,GER,M,Sailing
Smith,Rachel,172,64,GBR,W,Gymnastics - Rhythmic
Von Geijer,von GEIJER Jonas,178,70,SWE,M,Sailing
Spencer,Levern,155,52,LCA,W,Athletics
Larimer,Jeffrey,188,74,USA,M,Canoe Slalom
Russell,Colin,192,90,CAN,M,Swimming
Holmes,Russell,203,93,USA,M,Volleyball
Thibus,Ysaora,174,56,FRA,W,Fencing
Hockin Brusquetti,Benjamin,195,90,PAR,M,Swimming
Hansen,Mikkel,196,98,DEN,M,Handball
Chai,Biao,184,70,CHN,M,Badminton
Abbate,Simona,171,64,ITA,W,Water Polo
Homklin,Teerawat,181,100,THA,M,Judo
Jorgensen,Gwen,178,59,USA,W,Triathlon
Hennequin,Benjamin Didier,172,85,FRA,M,Weightlifting
Feudjio,Raissa,163,60,CMR,W,Football
Obame,Anthony,190,80,GAB,M,Taekwondo
Duboscq,Hugues,191,87,FRA,M,Swimming
Agamennoni,Luca,188,96,ITA,M,Rowing
Hall,Luke,181,85,SWZ,M,Swimming
Tallent,Claire,163,50,AUS,W,Athletics
Seibt,Bastian,187,71,GER,M,Rowing
Steryiou,Adonia,180,59,GRE,W,Athletics
Usami,Takashi,178,68,JPN,M,Football
Schurr Voight,Christian,173,80,MEX,M,Swimming
Pareja Lisalde,Jennifer,174,63,ESP,W,Water Polo
Boyle,Lauren,183,67,NZL,W,Swimming
Sung,Ji Hyun,175,56,KOR,W,Badminton
Sireau,Kevin,188,90,FRA,M,Cycling - Track
Bleasdale,Julia,167,46,GBR,W,Athletics
Amanova,Ranohon,174,61,UZB,W,Swimming
Kartaltepe,Nilay,172,52,TUR,W,Basketball
Seric,Andrea,184,82,CRO,W,Handball
Englmaier,Tobias,158,60,GER,M,Judo
Mareghni,Hana,173,67,TUN,W,Judo
Pahapill,Mikk,197,95,EST,M,Athletics
Mansilla,Luis,175,68,CHI,M,Cycling - Track
Kohlmann,Fabienne,170,58,GER,W,Athletics
Buehler,Rachel,165,65,USA,W,Football
Viljoen,Sunette,170,70,RSA,W,Athletics
Herrera Allepuz,Pablo,193,85,ESP,M,Beach Volleyball
Sichenikova,Lidiia,183,68,UKR,W,Archery
Andersen,David,212,102,AUS,M,Basketball
Clarke,Lawrence,187,78,GBR,M,Athletics
Kimani,Lucia,166,45,BIH,W,Athletics
Rahali,Maroua,168,51,TUN,W,Boxing
Valoyes Cuesta,Ubaldina,158,69,COL,W,Weightlifting
Sato,Kenki,163,63,JPN,M,Equestrian
Morioka,Koichiro,184,66,JPN,M,Athletics
Flynn,Gemma,168,60,NZL,W,Hockey
Gojun,Jakov,204,110,CRO,M,Handball
Dalby,Camilla,182,73,DEN,W,Handball
Hassett,Betsy,157,55,NZL,W,Football
Ushakov,Dmitry,176,64,RUS,M,Gymnastics - Trampoline
Shurshin,Nikita,191,95,RUS,M,Cycling - Track
Ip,Pui Yi,152,56,HKG,W,Shooting
Myers,Tim,185,81,NZL,M,Football
Wilcox,Chloe,172,62,GBR,W,Water Polo
Sener,Yakup,170,64,TUR,M,Boxing
Ruday,Mikhail,193,95,KAZ,M,Water Polo
Ibragimov,Rinat,181,73,KAZ,M,Judo
Coudray,Tiana,163,57,USA,W,Equestrian
Young,Alison,181,67,GBR,W,Sailing
Yurkovich,Rachel,180,70,USA,W,Athletics
Buchanan,Rushlee,170,63,NZL,W,Cycling - Track
Foster,Tiffany,165,50,CAN,W,Equestrian
Monaco,Juan,185,77,ARG,M,Tennis
Hernandez Colina,Igor,189,87,VEN,M,Beach Volleyball
Fu,Haifeng,181,77,CHN,M,Badminton
Kmetova,Ivana,175,63,SVK,W,Canoe Sprint
Awde,Daniel,182,82,GBR,M,Athletics
Kovacs,Tamas,179,62,HUN,M,Athletics
Velasquez,Jose,165,65,HON,M,Football
Pinto,Adriana,168,62,BRA,W,Basketball
Melancon,Joliane,170,57,CAN,W,Judo
Volnova,Marina,170,75,KAZ,W,Boxing
Kogovsek,Andres,190,92,ARG,M,Handball
Ghasemi,Reza,179,76,IRI,M,Athletics
Schwank,Eduardo,183,83,ARG,M,Tennis
Ivancan,Irene,181,78,GER,W,Table Tennis
Marton,Anita,172,90,HUN,W,Athletics
Nordlow,Josefin,171,65,SWE,W,Canoe Sprint
Clarke,Jonathan,184,79,GBR,M,Hockey
Khanafeyeva,Gulfiya,173,70,RUS,W,Athletics
Bassingthwaighte,Marc,178,68,NAM,M,Cycling - Mountain Bike
Morgan,Christopher,191,85,AUS,M,Rowing
Stewart,Azania,194,89,GBR,W,Basketball
Stewart,Chelsea,165,54,CAN,W,Football
Eaton,Ashton,185,82,USA,M,Athletics
Rijal,Pramila,155,54,NEP,W,Athletics
Braithwaite,Michael,189,91,CAN,M,Rowing
Byun,Youngjun,175,58,KOR,M,Athletics
Da Silva,da SILVA Fabio,178,70,BRA,M,Athletics
Tomas Gonzalez,Victor,177,83,ESP,M,Handball
Zugaj,Nenad,177,84,CRO,M,Wrestling
Skelton,Nick,175,77,GBR,M,Equestrian
Neethling,Candice,170,60,RSA,W,Cycling - Mountain Bike
Dowabobo,Sled,174,73,NRU,M,Judo
Podhrasky,Martin,192,85,CZE,M,Shooting
Romanyuta,Evgeniya,166,60,RUS,W,Cycling - Track
Kiefer,Lee,163,49,USA,W,Fencing
Fujimura,Tsutomu,174,66,JPN,M,Wrestling
Gille,Bertrand,187,98,FRA,M,Handball
Padar,Martin,194,140,EST,M,Judo
Vinsant,Savannah,160,54,USA,W,Gymnastics - Trampoline
Maksimovic,Ivana,160,50,SRB,W,Shooting
Frikeche,Rayan,180,75,MAR,M,Football
Lu,Ying,175,62,CHN,W,Swimming
Bonora,Georgia,161,51,AUS,W,Gymnastics - Artistic
Marton,Carmen,172,67,AUS,W,Taekwondo
Makarenko,Alina,172,48,RUS,W,Gymnastics - Rhythmic
Viteckova,Eva,190,80,CZE,W,Basketball
Watson,Heather,168,64,GBR,W,Tennis
Green,Anna,167,62,NZL,W,Football
Kim,Yeji,175,68,KOR,W,Rowing
Chondrokoukis,Dimitrios,195,65,GRE,M,Athletics
Slobodenyuk,Vadym,187,77,UKR,M,Athletics
Dekeyser,Jerome,183,81,BEL,M,Hockey
Tyler,Jillian,152,65,CAN,W,Swimming
Offereins,Ben,184,76,AUS,M,Athletics
Gyurta,Gergely,174,68,HUN,M,Swimming
Balmy,Coralie,180,67,FRA,W,Swimming
Panichpatikum,Jakkrit,170,64,THA,M,Shooting
Gerrand,Tess,184,83,AUS,W,Rowing
Guenot,Christophe,178,74,FRA,M,Wrestling
Odriozola,Mikel,178,67,ESP,M,Athletics
Lacroix,Audrey,163,53,CAN,W,Swimming
Ma,Jin,165,61,CHN,W,Badminton
Pirghie,Cristi-Ilie,202,108,ROU,M,Rowing
Mayr,Camilo,178,74,GER,M,Archery
Jennerich,Lindsay,165,59,CAN,W,Rowing
Van Hove,van HOVE Benjamin,187,85,BEL,M,Hockey
Yushchanka,Yulyana,174,63,BLR,W,Athletics
Abdulrahman,Amer,168,68,UAE,M,Football
Baroev,Khasan,188,120,RUS,M,Wrestling
Fang,Yanqiao,173,69,CHN,W,Swimming
O,Chang Ran,172,66,PRK,W,Football
Zolnir,Urska,173,63,SLO,W,Judo
Nielsen,Matt,209,98,AUS,M,Basketball
Mitchell,Ethan,180,81,NZL,M,Cycling - Track
Whelan,Hannah,160,53,GBR,W,Gymnastics - Artistic
Sundstedt,Pia,168,52,FIN,W,Cycling - Road
Kovalenko,Nazar,178,70,UKR,M,Athletics
Dolassem,Dieudonne,181,88,CMR,M,Judo
Cerches,Natalia,170,55,MDA,W,Athletics
Nyblom,Haakan Erik,160,55,DEN,M,Wrestling
Laanmae,Tanel,184,89,EST,M,Athletics
Kleinert,Nadine,190,94,GER,W,Athletics
Head,Maaike,172,60,NED,W,Rowing
Joo,Saehyuk,180,67,KOR,M,Table Tennis
Allen,Dominique,188,86,GBR,W,Basketball
Agrafioti,Anna,178,76,GRE,W,Sailing
Boy,Philipp,172,65,GER,M,Gymnastics - Artistic
Feck,Stephan,183,79,GER,M,Diving
Asgari,Rohollah,187,82,IRI,M,Athletics
Scheuber,Patrick,182,75,SUI,M,Shooting
Melnychenko,Hanna,178,67,UKR,W,Athletics
Helleberg,Jessica,174,65,SWE,W,Handball
Paul,Chris,183,86,USA,M,Basketball
Miskovic,Marijana,166,63,CRO,W,Judo
Cojuhari,Olesea,170,58,MDA,W,Athletics
Baroukh,Thomas,183,70,FRA,M,Rowing
Kirkham,Brian,183,84,AUS,M,Cycling - BMX
Zoric,Milenko,179,73,SRB,M,Canoe Sprint
Zeller,Philipp,184,81,GER,M,Hockey
Wende,Phillipp,199,89,GER,M,Rowing
Johansson,Elin,175,66,SWE,W,Taekwondo
Ivashchenko,Elena,184,103,RUS,W,Judo
Li,Jianbo,174,60,CHN,M,Athletics
Javier,Mark,180,53,PHI,M,Archery
Evans,Fred,180,69,GBR,M,Boxing
Kossayev,Yerkebulan,165,60,KAZ,M,Judo
Avdeeva,Anna,175,100,RUS,W,Athletics
Naylor,Emily,167,55,NZL,W,Hockey
Larson,Breeja,183,73,USA,W,Swimming
Starling,Hannah,158,59,GBR,W,Diving
Smith,Maurice,175,67,JAM,M,Athletics
Bachmann,Sebastian,182,71,GER,M,Fencing
Rigaudo,Elisa,168,55,ITA,W,Athletics
Tan,Lianne,160,57,BEL,W,Badminton
Snell,Francesca,175,63,GBR,W,Water Polo
Lambert,Christophe,184,86,GER,M,Judo
Araujo,Adriana,169,60,BRA,W,Boxing
Miao,Lijie,178,75,CHN,W,Basketball
Ouechtati,Bilel,172,74,TUN,M,Wrestling
Csoknyai,Laszlo,172,81,HUN,M,Judo
Gabriel,Rubie Joy,157,52,PLW,W,Athletics
Plotyczer,Mark,195,86,GBR,M,Volleyball
Poewe,Sarah,175,71,GER,W,Swimming
Van Grunsven,Anky,170,56,NED,W,Equestrian
Yazawa,Kazuki,167,65,JPN,M,Canoe Slalom
Govers,Kieran,179,76,AUS,M,Hockey
Grigorjeva,Anastasija,169,62,LAT,W,Wrestling
Ng,Yan Yee,155,55,MAS,W,Diving
Asano,Sakiyo,164,60,JPN,W,Hockey
Green,Jack,194,80,GBR,M,Athletics
Faulkner,Ellie,165,55,GBR,W,Swimming
Alozie,Anthony,171,79,AUS,M,Athletics
GARCIA-THOMPSON,John,192,92,GBR,M,Beach Volleyball
Simanovich,Dzianis,178,63,BLR,M,Athletics
Potent,Warren,177,73,AUS,M,Shooting
FOKINA-SEMENOVA,Natalya,178,90,UKR,W,Athletics
Mankoc,Peter,192,88,SLO,M,Swimming
Fraser,Brett,188,84,CAY,M,Swimming
Pina,Joao,177,73,POR,M,Judo
Inoue,Kaori,182,59,JPN,W,Volleyball
Hernandez,Emerson,167,61,ESA,M,Athletics
Huseynli,Vatan,185,81,AZE,M,Boxing
Fathi,Ahmed,174,76,EGY,M,Football
Liu,Hong,160,50,CHN,W,Athletics
Fedorova,Olena,164,57,UKR,W,Diving
Alvear,Yuri,174,70,COL,W,Judo
Guaman,Yadira,158,52,ECU,W,Athletics
Vogel,Kristina,160,62,GER,W,Cycling - Track
Dragusin,Mihai,188,85,ROU,M,Water Polo
MENSAH-BONSU,Pops,206,111,GBR,M,Basketball
Hosking,Sophie,165,57,GBR,W,Rowing
Paszek,Tamira,165,62,AUT,W,Tennis
Prystupa,Daryna,163,56,UKR,W,Athletics
Verdasco,Fernando,188,81,ESP,M,Tennis
Rutherford,Greg,188,87,GBR,M,Athletics
Leung,Ho Tsun Andy,177,75,HKG,M,Sailing
Cox,Shana,172,65,GBR,W,Athletics
Imre,Geza,184,76,HUN,M,Fencing
Mccormick,McCORMICK Riley,172,66,CAN,M,Diving
Fasungova,Monika,163,55,SVK,W,Badminton
BASHORE-SMEDLEY,Kayla,157,58,USA,W,Hockey
Solomon,Jarrin,165,73,TRI,M,Athletics
Tschomakova,Margarita,168,55,BUL,W,Fencing
Buric,Damir,205,115,CRO,M,Water Polo
Edwards,Kenneth,188,84,JAM,M,Taekwondo
Voronova,Anzela,170,72,EST,W,Shooting
Nilsson,Andreas,197,102,SWE,M,Handball
Hoy,Sir Chris,185,93,GBR,M,Cycling - Track
Leung,Chun Shek,179,75,HKG,M,Rowing
Hashemiahangari,Sajjad,178,69,IRI,M,Athletics
Persson,Jorgen,186,79,SWE,M,Table Tennis
BOS-DE KONING,BOS-de KONING Marcelien,175,62,NED,W,Sailing
Ennis,Jessica,165,57,GBR,W,Athletics
Daille,Etienne,177,65,FRA,M,Canoe Slalom
Anderson,Alyssa,173,64,USA,W,Swimming
Kato,Ryohei,162,54,JPN,M,Gymnastics - Artistic
Uptagrafft,Sandra,155,53,USA,W,Shooting
Muff,Werner,182,76,SUI,M,Equestrian
Browne,Marcus,188,81,USA,M,Boxing
Shi,Dongpeng,192,85,CHN,M,Athletics
Talbot,Daniel,184,69,GBR,M,Athletics
Wells,Ashlee,181,71,AUS,W,Hockey
Klauss,Gauthier,171,65,FRA,M,Canoe Slalom
Dickins,Arnie,170,60,AUS,M,Judo
Yamamoto,Seito,178,66,JPN,M,Athletics
Tyminska,Karolina,175,69,POL,W,Athletics
Nikolov,Nikolay,206,93,BUL,M,Volleyball
Almeida,Carlos,182,87,POR,M,Swimming
Nofel,Mohamed,180,71,EGY,M,Rowing
Shanaeva,Aida,178,68,RUS,W,Fencing
Rouba,Amina,173,59,ALG,W,Rowing
Sozonov,Ivan,180,80,RUS,M,Badminton
Tanrikulu,Bahri,183,85,TUR,M,Taekwondo
Munro,Hope,160,57,AUS,W,Hockey
Ogar,Jolanta,178,70,POL,W,Sailing
Gallardo,Karen,175,95,CHI,W,Athletics
Miranda Dorado,Lorena,174,73,ESP,W,Water Polo
Hepler,Ann-Marie,167,68,MHL,W,Swimming
Zhakypov,Birzhan,167,49,KAZ,M,Boxing
Luo,Yutong,165,62,CHN,M,Diving
Au,Hoi Shun Stephanie,171,60,HKG,W,Swimming
Eskilsson,Christofer,173,62,SWE,M,Diving
Crognale,Sabrina,170,58,ITA,W,Modern Pentathlon
Li,Xiayan,199,98,CHN,M,Swimming
Chatterton,Renee,185,78,AUS,W,Rowing
Hatakeyama,Airi,170,49,JPN,W,Gymnastics - Rhythmic
Cebrian Martinez De Lagos,CEBRIAN MARTINEZ de LAGOS Alicia,168,63,ESP,W,Sailing
Baker,Yvette,170,55,GBR,W,Synchronised Swimming
Benedetti,Nicola,198,88,ITA,M,Modern Pentathlon
Fredericks,Lucinda,180,62,AUS,W,Equestrian
Dahman,Fatima Sulaiman,168,49,YEM,W,Athletics
Omarov,Magomed,195,93,RUS,M,Boxing
Sokolov,Alexander,192,87,RUS,M,Volleyball
Payne,Keri-Anne,175,66,GBR,W,Swimming
Gleadle,Elizabeth,185,84,CAN,W,Athletics
Yu,Peng Kean,176,65,MAS,M,Fencing
Skov,Rikke,181,73,DEN,W,Handball
Nasirshelal,Navab,175,105,IRI,M,Weightlifting
Huang,Shanshan,158,47,CHN,W,Gymnastics - Trampoline
Conti,Giulia,172,62,ITA,W,Sailing
Bingson,Amanda,165,91,USA,W,Athletics
Jensen,Peter,177,70,DEN,M,Gymnastics - Trampoline
Edgar,Sebastien,182,76,GBR,M,Handball
Tansai,Napalai,174,61,THA,W,Sailing
Jevtic,Olivera,174,51,SRB,W,Athletics
Dunn,Debbie,170,63,USA,W,Athletics
Cotuna,Vlad Bogdan,163,60,ROU,M,Gymnastics - Artistic
Booth,Joshua,190,93,AUS,M,Rowing
Tsirekidze,Rauli,174,85,GEO,M,Weightlifting
Rasic,Milena,193,75,SRB,W,Volleyball
Bonevacia,Liemarvin,180,81,IOA,M,Athletics
Bahawi,Nesar Ahmad,184,80,AFG,M,Taekwondo
Lester,Justin Dashaun,170,73,USA,M,Wrestling
Zabelinskaya,Olga,175,61,RUS,W,Cycling - Road
Cortes,Francisco,181,80,ESP,M,Hockey
Bugg,Rachel,159,56,AUS,W,Diving
Ovono,Didier,185,79,GAB,M,Football
Dvorak,Filip,190,89,CZE,M,Canoe Sprint
Jamal,Maryam Yusuf,165,44,BRN,W,Athletics
Van Der Horst,van der HORST Robert,181,77,NED,M,Hockey
Andrades Mendoza,Marcia Yuleisi,165,55,VEN,W,Wrestling
Van Regemortel,van REGEMORTEL Anne-Sophie,173,63,BEL,W,Hockey
Mingir,Gulcan,165,53,TUR,W,Athletics
Hounslow,Richard,183,76,GBR,M,Canoe Slalom
Wang,Hao,156,50,CHN,W,Diving
Moodaly,Robyn,162,52,RSA,W,Football
Biagioli,Cecilia,165,52,ARG,W,Swimming
Luini,Elia,183,72,ITA,M,Rowing
Ebinuma,Masashi,170,66,JPN,M,Judo
Madaj,Natalia,175,70,POL,W,Rowing
Murray,Janine,169,54,AUS,W,Gymnastics - Rhythmic
Udovicic,Vanja,193,94,SRB,M,Water Polo
Alibaba,Khalid,165,60,BRN,M,Swimming
Hurtault,Erison,168,73,DMA,M,Athletics
Lewers,Iain,183,79,GBR,M,Hockey
Turner,Andy,183,78,GBR,M,Athletics
Achour,Dallal Merwa,176,45,ALG,W,Volleyball
Sluis,Nanne,193,88,NED,M,Rowing
Vodickova,Radka,171,55,CZE,W,Triathlon
Martin,Boyd,185,68,USA,M,Equestrian
Ariyoshi,Saori,158,53,JPN,W,Football
Dahlstrom,Malin,171,58,SWE,W,Athletics
He,Chong,169,69,CHN,M,Diving
Kononenko,Nataliya,158,50,UKR,W,Gymnastics - Artistic
Mathewson,Courtney,170,71,USA,W,Water Polo
Densham,Erin,164,52,AUS,W,Triathlon
Hsu,Chi-Chieh,177,72,TPE,M,Swimming
Hooker,Destinee,191,75,USA,W,Volleyball
Malcolm,Christian,178,71,GBR,M,Athletics
Cruz,Clarisse,170,53,POR,W,Athletics
Iskandari,Rustam,176,96,TJK,M,Wrestling
Bole,Grega,177,70,SLO,M,Cycling - Road
Dmytrenko,Ruslan,180,67,UKR,M,Athletics
Reeve,Louisa,184,73,GBR,W,Rowing
Bailey,Daniel,179,68,ANT,M,Athletics
Sobirov,Parviz,180,90,TJK,M,Judo
Goodwin,Marquise,178,82,USA,M,Athletics
Baji,Balazs,192,83,HUN,M,Athletics
Prieto,Sebastian,187,80,GBR,M,Handball
Campana,Giorgia,152,46,ITA,W,Gymnastics - Artistic
Fularczyk,Magdalena,173,72,POL,W,Rowing
Fagundez,Gabriella,170,60,SWE,W,Swimming
Henriques,Nelson,168,67,ANG,M,Canoe Sprint
Wojcik,Katarzyna,165,57,POL,W,Modern Pentathlon
Johansson,Jennie,185,72,SWE,W,Swimming
Gebremedhin,Yanet Seyoum,164,56,ETH,W,Swimming
Hayakawa,Ren,179,65,JPN,W,Archery
Schodowski,Zbigniew,202,95,POL,M,Rowing
AL-HARTHI,Barakat Mubarak,171,67,OMA,M,Athletics
Zhou,Chunxiu,162,48,CHN,W,Athletics
Charles,Peter,175,78,GBR,M,Equestrian
Dawidowicz,Aleksandra,167,57,POL,W,Cycling - Mountain Bike
Nyhaug,Tory,185,90,CAN,M,Cycling - BMX
Cieslak,Marcin,193,85,POL,M,Swimming
Miyake,Hiromi,146,48,JPN,W,Weightlifting
Olaru,Dan,175,70,MDA,M,Archery
Damons,Sulette,163,57,RSA,W,Hockey
Wang,Mengyu,170,70,CHN,W,Hockey
Spisak,Pawel,176,68,POL,M,Equestrian
Bliznyuk,Anastasia,173,50,RUS,W,Gymnastics - Rhythmic
Chevallier,Seba,193,88,SUI,M,Beach Volleyball
Ente,Birgit,159,48,NED,W,Judo
Miller,Shaunae,185,69,BAH,W,Athletics
Murillo,Osman,176,73,CRC,M,Judo
Dasaolu,James,186,87,GBR,M,Athletics
Shulika,Lyubov,166,65,UKR,W,Cycling - Track
Shimizu,Satoshi,179,56,JPN,M,Boxing
Huizenga,Jenning,185,70,NED,M,Cycling - Track
Efremov,Ivan,183,105,UZB,M,Weightlifting
Pedersen,Christinna,178,71,DEN,W,Badminton
Barbosa,Neide,178,78,ANG,W,Handball
Serseri,Sophia,154,45,FRA,W,Gymnastics - Artistic
Mehari,Rehaset,165,51,ERI,W,Athletics
Simpson,Esau,185,75,GRN,M,Swimming
Giraldo,Santiago,188,75,COL,M,Tennis
Mikkonen,Suvi,164,55,FIN,W,Taekwondo
El Kaddouri,Omar,187,82,MAR,M,Football
Ndikert,Hinikissia Albertine,165,60,CHA,W,Athletics
Ruiz,Diego,178,64,ESP,M,Athletics
Badillo Diaz,Concepcion,171,62,ESP,W,Swimming
Kashirina,Tatiana,177,80,RUS,W,Weightlifting
Ishizu,Yu,170,66,JPN,M,Archery
Paldanius,Sofia,180,74,SWE,W,Canoe Sprint
Louw,Gideon,194,93,RSA,M,Swimming
Mosina,Veronika,172,57,RUS,W,Athletics
Gherman,Simona,170,55,ROU,W,Fencing
Darnel,Neslihan,187,72,TUR,W,Volleyball
Aung,Aye Aye,173,75,MYA,W,Judo
Korpela,Merja,171,85,FIN,W,Athletics
Hawes,Ben,176,76,GBR,M,Hockey
Vonarburg,Andre,195,100,SUI,M,Rowing
Hammouche,Salima,165,45,ALG,W,Volleyball
Tindall,James,175,84,GBR,M,Hockey
Bankier,Imogen,167,65,GBR,W,Badminton
Kim,Nam Hui,163,52,PRK,W,Football
Emmolo,Giulia Enrica,171,66,ITA,W,Water Polo
Azuma,Yoshihiro,172,60,JPN,M,Athletics
Sanchez Gil,Luis Leon,186,73,ESP,M,Cycling - Road
Fuentes,Wilmer,170,70,HON,M,Football
Rada Rodriguez,Sergio Armando,162,56,COL,M,Weightlifting
CASSARA',Andrea,192,90,ITA,M,Fencing
Shemyakina,Yana,167,58,UKR,W,Fencing
Echegoyen Dominguez,Tamara,174,72,ESP,W,Sailing
Beresnyeva,Olga,174,72,UKR,W,Swimming
Jensen,Anders,179,79,DEN,M,Handball
Ahmed,Abdou Omar Abdou,172,66,EGY,M,Wrestling
Reyes,Felipe,205,107,ESP,M,Basketball
Urishev,Anzor,177,84,RUS,M,Wrestling
Skvortsov,Nikolay,180,78,RUS,M,Swimming
Antonov,Semen,202,97,RUS,M,Basketball
Van Houts,van HOUTS Rudi,177,64,NED,M,Cycling - Mountain Bike
Davies,Georgia,175,60,GBR,W,Swimming
Hochschorner,Peter,188,87,SVK,M,Canoe Slalom
Kim,Myong Gum,163,58,PRK,W,Football
England,Hannah,177,54,GBR,W,Athletics
Innes,Laura,181,75,GBR,W,Handball
Abshero,Ayele,168,62,ETH,M,Athletics
Ekimov,Leonid,180,83,RUS,M,Shooting
Martina,Churandy,178,74,NED,M,Athletics
ALLEYNE-FORTE,Ade,180,73,TRI,M,Athletics
Tvrdy,Maja,170,59,SLO,W,Badminton
Grechin,Andrey,198,94,RUS,M,Swimming
Simic,Mateja,169,58,SLO,W,Triathlon
Oblinger,Helmut,180,70,AUT,M,Canoe Slalom
Svennerstal,Ludvig,186,69,SWE,M,Equestrian
Villar,Paulo,183,73,COL,M,Athletics
Mostafa,Anas,182,74,EGY,M,Fencing
Almeida Campos,Manuel,163,60,POR,M,Gymnastics - Artistic
Okoye,Lawrence,197,129,GBR,M,Athletics
Williams,Rachel,169,68,GBR,W,Football
Minginfel,Manuel,158,62,FSM,M,Weightlifting
Camara,Dede,159,61,GUI,W,Swimming
Binobagira,Beni,176,69,BDI,M,Swimming
Petrova,Nadia,178,65,RUS,W,Tennis
Mangroo,Shane,170,80,SEY,M,Swimming
Thompson,Christopher,178,67,GBR,M,Athletics
Abril,Erika,158,47,COL,W,Athletics
Ahye,Michelle-Lee,160,64,TRI,W,Athletics
Brata,Daniel,185,100,ROU,M,Judo
Abbadi,Ilyas,170,69,ALG,M,Boxing
Rivas Espinoza,Wuileixis de Jesus,165,60,VEN,M,Wrestling
Castro,Katerin,174,64,COL,W,Football
Kenny,Jason,177,80,GBR,M,Cycling - Track
Calle Williams,Maria Luisa,168,52,COL,W,Cycling - Track
Miller,Joel,191,86,GBR,M,Volleyball
Morosanu,Angela,181,62,ROU,W,Athletics
Najah,Imad,174,70,MAR,M,Football
Li Yuk Lo,Nioun Chin Elodie,173,74,MRI,W,Beach Volleyball
Ong,Mylene,169,55,SIN,W,Swimming
Hoshina,Tomohiko,180,125,PHI,M,Judo
Sorn,Davin,178,72,CAM,W,Taekwondo
Reid,Elizabeth,173,60,GBR,W,Volleyball
Levine,Nigel,178,68,GBR,M,Athletics
Hazboun,Sabine,165,58,PLE,W,Swimming
Twigg,Georgie,170,65,GBR,W,Hockey
Ri,Myong Sun,163,54,PRK,W,Table Tennis
Nguyen,Thi Thuy,155,53,VIE,W,Weightlifting
Martikan,Michal,170,71,SVK,M,Canoe Slalom
Mills,Hannah,157,50,GBR,W,Sailing
Sayidov,Ramziddin,180,100,UZB,M,Judo
Larsson,Steven,195,95,GBR,M,Handball
Rodriguez,Jackson,168,60,VEN,M,Cycling - Road
Rhodes,Ben,183,72,GBR,M,Sailing
Cork,Jack,185,69,GBR,M,Football
Nguyen,Thi Anh Vien,165,58,VIE,W,Swimming
Greves,Katie,179,69,GBR,W,Rowing
Yousif,Rabah,184,71,SUD,M,Athletics
Sinclair,Scott,177,69,GBR,M,Football
Palies,Ewa,173,73,GBR,W,Handball
Figes,Craig,183,90,GBR,M,Water Polo
Chammas,Caren,169,63,LIB,W,Judo
Espinoza Mena,Jose,173,75,VEN,M,Boxing
Tini,Clelia,165,57,SMR,W,Swimming
Williams,Sophie,162,60,GBR,W,Fencing
Jackson,Joanne,185,76,GBR,W,Swimming
Pink,Andrew,193,85,GBR,M,Volleyball
Taylor,Josh,176,60,GBR,M,Boxing
Sullivan,Drew,202,98,GBR,M,Basketball
Bledman,Keston,180,88,TRI,M,Athletics
Burch,Roy,185,80,BER,M,Swimming
Sordell,Marvin,179,83,GBR,M,Football
Kontides,Pavlos,183,82,CYP,M,Sailing
Zlokovic,Boris,197,100,MNE,M,Water Polo
Fonteno,Megan,163,61,ASA,W,Swimming
Barroilhet,Gonzalo,193,94,CHI,M,Athletics
Radicevic,Jovanka,170,65,MNE,W,Handball
Idowu,Phillips,197,87,GBR,M,Athletics
Rhodes,Jordan,185,83,GBR,M,Football
Ali,Kame,190,83,MAD,M,Athletics
Ally,Bradley,183,73,BAR,M,Swimming
Murray,Jamie,190,82,GBR,M,Tennis
Melzer,Jurgen,184,80,AUT,M,Tennis
Turner,Rebecca,153,68,GBR,W,Swimming
Mutekanga,Julius,176,76,UGA,M,Athletics
Sibley,Kelly,172,68,GBR,W,Table Tennis
Taylor,Neil,175,65,GBR,M,Football
Bulatovic,Andela,175,65,MNE,W,Handball
Randall,Asha,178,52,GBR,W,Synchronised Swimming
Haldane,Jason,203,106,GBR,M,Volleyball
Howell,Gemma,165,59,GBR,W,Judo
Jenkins,Helen,169,55,GBR,W,Triathlon
Stalker,Tom,181,64,GBR,M,Boxing
Williams,Conrad,182,75,GBR,M,Athletics
Lim,Anderson Chee Wei,166,62,BRU,M,Swimming
Rasheed,Mohamed Ajfan,165,55,MDV,M,Badminton
Parsonage,Alex,180,87,GBR,M,Water Polo
Proctor,Shara,165,60,GBR,W,Athletics
Stokes,Stuart,181,65,GBR,M,Athletics
Roberts,Niall,178,75,GUY,M,Swimming
Watkins,Anna,183,78,GBR,W,Rowing
Sbihi,Mohamed,203,103,GBR,M,Rowing
Le,Chien-Ying,165,65,TPE,W,Archery
Hazel,Louise,167,58,GBR,W,Athletics
Salman,Ali Nadhim,190,120,IRQ,M,Wrestling
Leaf,Savanah,183,73,GBR,W,Volleyball
Thornley,Victoria,193,76,GBR,W,Rowing
Ball,Ashleigh,181,70,GBR,W,Hockey
Bartley,Chris,178,73,GBR,M,Rowing
Radovic,Ana,175,65,MNE,W,Handball
St Louis,Fabienne,171,54,MRI,W,Triathlon
Hutchison,Lynne,173,60,GBR,W,Gymnastics - Rhythmic
Chouhal,Rachid,178,80,MLT,M,Athletics
Rose,Danny,170,73,GBR,M,Football
Diamond,Emily,173,58,GBR,W,Athletics
Stamper,Martin,180,68,GBR,M,Taekwondo
Hammond,Jonathan,186,75,GBR,M,Shooting
Sharp,Lynsey,175,60,GBR,W,Athletics
Fairbrother,Kelsi,160,68,GBR,W,Handball
Soares,Augusto,165,58,TLS,M,Athletics
Patience,Luke,167,59,GBR,M,Sailing
Warlow,Rory,175,75,GBR,M,Shooting
Moshi,Magdalena,163,52,TAN,W,Swimming
Lunkuse,Jamila,153,60,UGA,W,Swimming
Bartlett,Laura,169,63,GBR,W,Hockey
Lush,Annie,178,77,GBR,W,Sailing
Oliver,Jack,168,77,GBR,M,Weightlifting
Dawkins,Katie,175,67,GBR,W,Synchronised Swimming
Bechtolsheimer,Laura,169,56,GBR,W,Equestrian
Jonas,Natasha,172,60,GBR,W,Boxing
Cavendish,Mark,175,69,GBR,M,Cycling - Road
JONES-FERRETTE,Laverne,173,68,ISV,W,Athletics
Brickell,Richard,180,76,GBR,M,Shooting
Septano,Bona,171,63,INA,M,Badminton
Deng,Luol,203,104,GBR,M,Basketball
Sheppard,Natalia,165,52,GBR,W,Fencing
Spofforth,Gemma,183,85,GBR,W,Swimming
Burton,Euan,182,83,GBR,M,Judo
Pearce,John,190,88,GBR,M,Handball
Buhari,Abdul,192,125,GBR,M,Athletics
Setiadi,Jadi,152,56,INA,M,Weightlifting
Fox,Francesca,167,58,GBR,W,Gymnastics - Rhythmic
Stott,Etienne,182,83,GBR,M,Canoe Slalom
Alexander,Kineke,178,65,VIN,W,Athletics
Rodford,Beth,178,77,GBR,W,Rowing
Conway,Sally,170,70,GBR,W,Judo
Purvis,Daniel,168,62,GBR,M,Gymnastics - Artistic
Spence,Mhairi,171,71,GBR,W,Modern Pentathlon
Driscoll,Kat,168,56,GBR,W,Gymnastics - Trampoline
Hitchon,Sophie,170,74,GBR,W,Athletics
Panter,Anne,170,62,GBR,W,Hockey
Egington,Richard,200,105,GBR,M,Rowing
Sherrington,Christopher,194,135,GBR,M,Judo
Vincent,Gawain,186,83,GBR,M,Handball
Valdes,Maria Fernanda,162,75,CHI,W,Weightlifting
Vanderwal,Rachael,175,66,GBR,W,Basketball
Rowsell,Joanna,180,64,GBR,W,Cycling - Track
Moore,Robert,183,81,GBR,M,Hockey
King,Mary,170,65,GBR,W,Equestrian
Rock,Michael,180,78,GBR,M,Swimming
Wilson,Peter,198,90,GBR,M,Shooting
Taylor,Jennifer,178,71,GBR,W,Volleyball
Eko Yuli,Irawan,157,62,INA,M,Weightlifting
Scott,Jill,181,64,GBR,W,Football
Dempsey,Nick,180,70,GBR,M,Sailing
Vincent,Jake,197,98,GBR,M,Water Polo
Tafatatha,Joyce,168,68,MAW,W,Swimming
Ross,Jane,167,57,GBR,W,Football
Randall,Jenna,173,55,GBR,W,Synchronised Swimming
Gibbons,Craig,178,84,GBR,M,Swimming
Pouli,Louisa,162,57,GBR,W,Gymnastics - Rhythmic
Daly,Matthew,188,82,GBR,M,Hockey
Bryant,Karina,184,103,GBR,W,Judo
Mamedov,Chingiz,185,90,KGZ,M,Judo
Butland,Jack,195,95,GBR,M,Football
Moniz,Adysangela,166,105,CPV,W,Judo
Fair,James,185,79,GBR,M,Hockey
Ohuruogu,Christine,158,68,GBR,W,Athletics
Allen,Elena,169,67,GBR,W,Shooting
Whitlam,Olivia,185,73,GBR,W,Rowing
Holland,Vicky,168,59,GBR,W,Triathlon
Greene,Dai,185,78,GBR,M,Athletics
Parker,Joanna,178,63,GBR,W,Table Tennis
Leuthold,Yvonne,176,74,GBR,W,Handball
O'CONNOR,Caroline,157,48,GBR,W,Rowing
Lawrence,Corinna,168,63,GBR,W,Fencing
Quaresma,Lecabela,172,67,STP,W,Athletics
Brash,Scott,171,64,GBR,M,Equestrian
Powell,Stacie,167,61,GBR,W,Diving
Stoney,Casey,173,64,GBR,W,Football
Hunter,Mark,182,73,GBR,M,Rowing
Troiano,Sophie,174,64,GBR,W,Fencing
Jamieson,Michael,186,81,GBR,M,Swimming
Clark,Sarah,173,57,GBR,W,Judo
James,Ciaran,193,93,GBR,M,Water Polo
Osagie,Andrew,189,72,GBR,M,Athletics
Bardsley,Karen,181,69,GBR,W,Football
Asante,Anita,166,64,GBR,W,Football
Cook,Kristina,175,71,GBR,W,Equestrian
Ainslie,Ben,183,90,GBR,M,Sailing
Mackay,Iain,180,75,GBR,M,Hockey
JOHNSON-THOMPSON,Katarina,183,68,GBR,W,Athletics
Shaw,Bryony,167,60,GBR,W,Sailing
Killeen,Liam,173,65,GBR,M,Cycling - Mountain Bike
Nicholls,Robyn,178,65,GBR,W,Water Polo
Tomkins,James,192,74,GBR,M,Football
Baggaley,Andrew,180,71,GBR,M,Table Tennis
Davis,James,193,100,GBR,M,Fencing
Walsh,Kate,171,65,GBR,W,Hockey
Burnett,Simon,189,82,GBR,M,Swimming
Williamson,Alison,175,75,GBR,W,Archery
Gibson,Lisa,177,75,GBR,W,Water Polo
Barrow,Sarah,163,52,GBR,W,Diving
Banti,Herve,180,71,MON,M,Triathlon
Blagg,Alicia,167,60,GBR,W,Diving
Mccormick,McCORMICK Nick,188,70,GBR,M,Athletics
Mantell,Richard,189,92,GBR,M,Hockey
Mandembo Kebika,Cedric,180,120,COD,M,Judo
Daley,Tom,177,74,GBR,M,Diving
Armitstead,Lizzie,168,57,GBR,W,Cycling - Road
Susi,Dunia,169,61,GBR,W,Football
Radcliffe,Paula,173,54,GBR,W,Athletics
SHAKES-DRAYTON,Perri,172,66,GBR,W,Athletics
Burke,Steven,183,74,GBR,M,Cycling - Track
Couto,Kurt,180,71,MOZ,M,Athletics
Eddie,Jess,178,75,GBR,W,Rowing
Smith,Richard,189,93,GBR,M,Hockey
Hawkins,Mark,182,71,GBR,M,Handball
Fogg,Daniel,179,74,GBR,M,Swimming
Fox,Daniel,183,79,GBR,M,Hockey
Williams,Rhys,185,73,GBR,M,Athletics
Martina,Bibiana,176,68,GEQ,W,Athletics
Scholefield,Adam,189,99,GBR,M,Water Polo
Phillips,Liam,178,83,GBR,M,Cycling - BMX
Bellamy,Craig,175,64,GBR,M,Football
Butkevych,Olga,160,60,GBR,W,Wrestling
Hassler,Julia,178,73,LIE,W,Swimming
Gibson Byrne,Ciara,167,59,GBR,W,Water Polo
Heglund,Nina,170,68,GBR,W,Handball
Dampney,Zara,178,65,GBR,W,Beach Volleyball
Ransley,Tom,198,100,GBR,M,Rowing
Cousins,Charles,198,100,GBR,M,Rowing
Mckeever,Ed,173,79,GBR,M,Canoe Sprint
Lenzly,Mike,189,85,GBR,M,Basketball
Simmonds,Lizzie,171,60,GBR,W,Swimming
Scott,Alex,163,59,GBR,W,Football
Benson,Craig,183,76,GBR,M,Swimming
Choden,Kunzang,158,69,BHU,W,Shooting
Gordon,Winston,187,90,GBR,M,Judo
Handy,Chantelle,191,74,GBR,W,Basketball
Halsall,Fran,172,59,GBR,W,Swimming
Cleverley,Tom,180,73,GBR,M,Football
Townsend,Sam,199,100,GBR,M,Rowing
Hallisey,Claire,164,48,GBR,W,Athletics
King,Dominic,178,70,GBR,M,Athletics
Tennant,Andrew,192,79,GBR,M,Cycling - Track
Jones,Jade,156,57,GBR,W,Taekwondo
El Moctar,Jidou,170,65,MTN,M,Athletics
Robson,Laura,180,62,GBR,W,Tennis
Houghton,Frances,193,81,GBR,W,Rowing
Bakare,Oluwadamilola,197,93,GBR,M,Volleyball
Tancock,Liam,183,85,GBR,M,Swimming
Mcconnell,McCONNELL Lee,177,64,GBR,W,Athletics
Langridge,Matthew,195,96,GBR,M,Rowing
Mccolgan,McCOLGAN Eilish,154,53,GBR,W,Athletics
Mears,Chris,172,70,GBR,M,Diving
Takooa,Nooa,160,67,KIR,M,Athletics
Turay,Ibrahim,185,83,SLE,M,Athletics
Adcock,Chris,183,80,GBR,M,Badminton
Bale,Rob,174,69,GBR,M,Swimming
Willis,Andrew,188,85,GBR,M,Swimming
Merrien,Lee,182,61,GBR,M,Athletics
Martin,Lucy,169,57,GBR,W,Cycling - Road
Flood,Deborah,177,75,GBR,W,Rowing
Richardson,Helen,165,54,GBR,W,Hockey
Tobin,Robert,187,79,GBR,M,Athletics
Thomas,Geraint,183,71,GBR,M,Cycling - Track
Mohr,Christopher,187,83,GBR,M,Handball
Lloyd,Jess,178,80,GBR,W,Swimming
Rooney,Martyn,198,81,GBR,M,Athletics
Carter,Grace,183,78,GBR,W,Volleyball
Muhammad,Lulato,188,80,GBR,M,Taekwondo
Bolt,Usain,196,93,JAM,M,Athletics
Pitchford,Liam,183,57,GBR,M,Table Tennis
Stevenson,Sarah,178,67,GBR,W,Taekwondo
Dieke,Ifeoma,165,63,GBR,W,Football
Bithell,Stuart,186,80,GBR,M,Sailing
Gallantree,Rebecca,166,60,GBR,W,Diving
Baillie,Tim,176,78,GBR,M,Canoe Slalom
Steele,Jason,190,87,GBR,M,Football
Phillips,Zara,168,64,GBR,W,Equestrian
Satchwell,Nicholas,187,78,GBR,M,Handball
Byl,Lyn,172,67,GBR,W,Handball
Sandell,Janine,177,82,GBR,W,Volleyball
Tadd,Stacey,181,74,GBR,W,Swimming
LENNON-FORD,Luke,183,75,GBR,M,Athletics
Adams,Nicola,164,51,GBR,W,Boxing
Unsworth,Laura,157,54,GBR,W,Hockey
Lawrence,Andrew,188,87,GBR,M,Basketball
Terry,Simon,180,100,GBR,M,Archery
Last,Annie,167,60,GBR,W,Cycling - Mountain Bike
Purchase,Zac,186,72,GBR,M,Rowing
Chambers,Peter,187,73,GBR,M,Rowing
Wilson,Nicola,177,64,GBR,W,Equestrian
Wilson,Melanie,182,75,GBR,W,Rowing
Miley,Hannah,166,53,GBR,W,Swimming
Lucass,Vicki,170,63,GBR,W,Synchronised Swimming
Partridge,Alex,193,93,GBR,M,Rowing
Campbell,Luke,175,56,GBR,M,Boxing
Macgregor,Kate,158,60,GBR,W,Sailing
Copeland,Katherine,171,57,GBR,W,Rowing
Hill,Phelan,171,55,GBR,M,Rowing
LAM-MOORES,Holly,169,59,GBR,W,Handball
Seymour,Natalie,168,56,GBR,W,Hockey
Morgan,Joanne,170,60,GBR,W,Volleyball
Maguire,Emily,169,61,GBR,W,Hockey
WALKER-HEBBORN,Chris,184,80,GBR,M,Swimming
Cawthorn,Rachel,176,70,GBR,W,Canoe Sprint
King,Sean,193,91,GBR,M,Water Polo
Ogogo,Anthony,181,75,GBR,M,Boxing
Froome,Christopher,185,71,GBR,M,Cycling - Road
Laugher,Jack,166,65,GBR,M,Diving
Mata,Jayme,170,66,ARU,M,Judo
Kruse,Richard,190,85,GBR,M,Fencing
Achara,Kieron,208,110,GBR,M,Basketball
Allen,Sophie,170,65,GBR,W,Swimming
Clark,Saskia,176,68,GBR,W,Sailing
Ellington,James,179,81,GBR,M,Athletics
Hutchins,Ross,191,87,GBR,M,Tennis
Child,Eilidh,171,59,GBR,W,Athletics
Edwards,Kelly,153,48,GBR,W,Judo
Federici,Olivia,168,54,GBR,W,Synchronised Swimming
Bentley,Anna,180,70,GBR,W,Fencing
Mcmillan,McMILLAN Daniel,189,93,GBR,M,Handball
Van Der Weel,van der WEEL Zoe,161,61,GBR,W,Handball
Hester,Carl,183,81,GBR,M,Equestrian
Bleasdale,Holly,175,70,GBR,W,Athletics
Jefferies,Richard,190,100,GBR,M,Canoe Sprint
Adlington,Rebecca,179,70,GBR,W,Swimming
Mcdermott,McDERMOTT Christopher,204,105,GBR,M,Handball
Kerwood,Charlotte,172,69,GBR,W,Shooting
Bertelli,Maria,171,63,GBR,W,Volleyball
Oyepitan,Abiodun,165,57,GBR,W,Athletics
Dujardin,Charlotte,170,61,GBR,W,Equestrian
Storry,Beth,173,74,GBR,W,Hockey
Tweddle,Beth,160,53,GBR,W,Gymnastics - Artistic
Stafford,Natalie,176,66,GBR,W,Basketball
Tomlinson,Chris,197,84,GBR,M,Athletics
Mccann,McCANN Fiona,172,70,GBR,W,Water Polo
Murray,Samantha,174,59,GBR,W,Modern Pentathlon
Clancy,Ed,186,77,GBR,M,Cycling - Track
Walton,Sally,180,68,GBR,W,Hockey
Pozzi,Andrew,190,78,GBR,M,Athletics
Nash,George,195,97,GBR,M,Rowing
Goddard,James,183,82,GBR,M,Swimming
Pavey,Joanne,162,49,GBR,W,Athletics
Stannard,Ian,190,80,GBR,M,Cycling - Road
Carry,David,184,75,GBR,M,Swimming
Caulker,Steven,191,76,GBR,M,Football
Oconnor,Siobhan-Marie,173,60,GBR,W,Swimming
DISNEY-MAY,James,192,78,GBR,M,Swimming
Florence,David,188,77,GBR,M,Canoe Slalom
Martin,Harry,182,77,GBR,M,Hockey
Page,Natasha,178,75,GBR,W,Rowing
Hall,Lucy,178,60,GBR,W,Triathlon
Collins,Stef,167,63,GBR,W,Basketball
Rimmer,Michael,185,67,GBR,M,Athletics
Rutlidge,Alex,170,62,GBR,W,Water Polo
Gibbons,Gemma,173,70,GBR,W,Judo
Baddeley,Andrew,188,69,GBR,M,Athletics
Jukes,Louise,169,75,GBR,W,Handball
Lowe,Jemma,171,58,GBR,W,Swimming
Murray,Andy,188,84,GBR,M,Tennis
Goodison,Paul,180,82,GBR,M,Sailing
Luckwell,Mervyn,191,104,GBR,M,Athletics
Middleton,Barry,178,68,GBR,M,Hockey
Lewis,Steven,191,84,GBR,M,Athletics
Perdue,Natasha,161,70,GBR,W,Weightlifting
Aluko,Eniola,157,56,GBR,W,Football
FOX - PITT,William,198,76,GBR,M,Equestrian
Turner,Grant,193,86,GBR,M,Swimming
Little,Kim,162,60,GBR,W,Football
Fudge,Kathryn,183,70,GBR,W,Handball
Thomas,Sarah,163,59,GBR,W,Hockey
James,Antony,180,75,GBR,M,Swimming
Parker,Jesper,200,100,GBR,M,Handball
Musgrove,Hazel,170,65,GBR,W,Water Polo
Baltacha,Elena,175,70,GBR,W,Tennis
Davison,Richard,177,76,GBR,M,Equestrian
Mckenzie,Ashley,162,60,GBR,M,Judo
Michel,Ciara,194,70,GBR,W,Volleyball
Medwood,Kenneth,178,75,BIZ,M,Athletics
Lamont,Christopher,200,80,GBR,M,Volleyball
Brownlee,Alistair,185,70,GBR,M,Triathlon
Keothavong,Anne,174,63,GBR,W,Tennis
Boateng,Eric,211,114,GBR,M,Basketball
Sturridge,Daniel,188,76,GBR,M,Football
Catlin,Nicholas,175,74,GBR,M,Hockey
Ouseph,Rajiv,189,82,GBR,M,Badminton
Rafferty,Claire,164,58,GBR,W,Football
Gregory,Alex,198,98,GBR,M,Rowing
Kirkbride,Peter,189,94,GBR,M,Weightlifting
Roebuck,Joe,188,80,GBR,M,Swimming
Overall,Scott,181,62,GBR,M,Athletics
Williams,Ciaran,183,81,GBR,M,Handball
Pinches,Jennifer,160,55,GBR,W,Gymnastics - Artistic
Aldama,Yamile,172,62,GBR,W,Athletics
Brown,Rachel,168,66,GBR,W,Football
Hannah,Angela,174,70,GBR,W,Canoe Sprint
Kershaw,Beckie,175,59,GBR,W,Water Polo
Rogers,Chloe,161,57,GBR,W,Hockey
Sawers,Louisa,176,69,GBR,W,Canoe Sprint
Mcclatchey,McCLATCHEY Caitlin,170,57,GBR,W,Swimming
Kennaugh,Peter,174,64,GBR,M,Cycling - Track
Butler,Kim,188,80,GBR,W,Basketball
Grainger,Katherine,183,80,GBR,W,Rowing
Simpson,Andrew,185,103,GBR,M,Sailing
Brown,Adam,196,95,GBR,M,Swimming
Walker,Jessica,177,72,GBR,W,Canoe Sprint
Clayton,Francesca,170,69,GBR,W,Water Polo
Dawson,Craig,188,78,GBR,M,Football
Fagbenle,Temi,193,79,GBR,W,Basketball
Liu,Na,162,52,GBR,W,Table Tennis
Cairns,Imogen,156,59,GBR,W,Gymnastics - Artistic
Johnson,Adam,178,63,GBR,M,Football
Smith,Zoe,159,60,GBR,W,Weightlifting
Brabants,Tim,189,88,GBR,M,Canoe Sprint
Onuora,Anyika,178,72,GBR,W,Athletics
Phoutthavong,Laenly,168,56,LAO,W,Athletics
Smith,Amy,172,59,GBR,W,Swimming
Drinkhall,Paul,178,80,GBR,M,Table Tennis
Heath,Liam,183,87,GBR,M,Canoe Sprint
Schofield,Jon,182,80,GBR,M,Canoe Sprint
Davies,David,190,84,GBR,M,Swimming
Myerscough,Carl,208,160,GBR,M,Athletics
Wiggins,Bradley,190,69,GBR,M,Cycling - Road
Reed,Peter,197,100,GBR,M,Rowing
Richards,Micah,180,82,GBR,M,Football
Campbell,Alan,191,96,GBR,M,Rowing
Parker,Rob,200,100,GBR,M,Water Polo
Laybourne,Rachel,179,67,GBR,W,Volleyball
Huckle,James,168,60,GBR,M,Shooting
Percy,Iain,187,95,GBR,M,Sailing
Egelstaff,Susan,168,62,GBR,W,Badminton
Hindes,Philip,177,83,GBR,M,Cycling - Track
Ramsey,Aaron,178,70,GBR,M,Football
Rowbotham,Stephen,193,93,GBR,M,Rowing
Grotowski,Steve,198,92,GBR,M,Beach Volleyball
Ryder,Sean,188,94,GBR,M,Water Polo
Triggs Hodge,Andrew,192,100,GBR,M,Rowing
Adeoye,Margaret,162,65,GBR,W,Athletics
Mcintosh,Jennifer,175,71,GBR,W,Shooting
Clark,Dan,210,109,GBR,M,Basketball
Bradley,Sophie,169,59,GBR,W,Football
Thomas,Kristian,180,79,GBR,M,Gymnastics - Artistic
O'MALLEY,Kieran,188,82,GBR,M,Volleyball
Davenport,Ross,187,76,GBR,M,Swimming
Lloyd,Ieuan,193,83,GBR,M,Swimming
Wilson,Alastair,187,84,GBR,M,Hockey
Jackson,Johanna,170,55,GBR,W,Athletics
BOND-WILLIAMS,Louise,169,59,GBR,W,Fencing
Edmonds,Abigail,172,70,GBR,W,Canoe Sprint
Williams,Fara,164,61,GBR,W,Football
Bertrand,Ryan,180,73,GBR,M,Football
Fleming,Colin,188,78,GBR,M,Tennis
Maher,Ben,187,68,GBR,M,Equestrian
Jackson,Ashley,155,71,GBR,M,Hockey
Whitlock,Max,167,57,GBR,M,Gymnastics - Artistic
Hunter,Daniel,183,83,GBR,M,Volleyball
Cox,Sophie,160,52,GBR,W,Judo
Holland,Matt,194,96,GBR,M,Water Polo
Carney,Karen,163,55,GBR,W,Football
Oliver,Amy,173,62,GBR,W,Archery
Dennison,Kate,171,60,GBR,W,Athletics
Evans,Gareth,169,68,GBR,M,Weightlifting
Morse,Brett,190,110,GBR,M,Athletics
Gerbron,Marie,166,64,GBR,W,Handball
Buck,Richard,188,80,GBR,M,Athletics
Leedham,Johannah,178,76,GBR,W,Basketball
Morrison,Steve,178,77,GBR,M,Sailing
James,Tom,193,93,GBR,M,Rowing
Kirkham,Glenn,180,80,GBR,M,Hockey
Sanders,Nicola,171,58,GBR,W,Athletics
Pavoni,Roberto,176,71,GBR,M,Swimming
Lucas,Bill,199,100,GBR,M,Rowing
Garnham,Robin,194,94,GBR,M,Handball
Farah,Mo,165,58,GBR,M,Athletics
Proud,Stephanie,169,65,GBR,W,Swimming
Geikie,Georgina,171,56,GBR,W,Shooting
Trott,Laura,163,52,GBR,W,Cycling - Track
Warburton,Gareth,186,72,GBR,M,Athletics
Folkard,Naomi,169,67,GBR,W,Archery
ROBINSON-BAKER,Nick,172,74,GBR,M,Diving
Jones,Francesca,172,56,GBR,W,Gymnastics - Rhythmic
Faulkner,Jade,162,50,GBR,W,Gymnastics - Rhythmic
Clarke,Jessica,163,55,GBR,W,Football
Pendleton,Victoria,165,60,GBR,W,Cycling - Track
Morris,Rosie,180,69,GBR,W,Water Polo
Stanning,Heather,181,74,GBR,W,Rowing
Bennett,Ryan,188,70,GBR,M,Football
Clark,Katie,168,52,GBR,W,Synchronised Swimming
Grabarz,Robert,191,80,GBR,M,Athletics
Houghton,Stephanie,172,62,GBR,W,Football
Louloudis,Constantine,190,94,GBR,M,Rowing
Williams,Daniel,177,73,GBR,M,Judo
Gandy,Ellen,169,62,GBR,W,Swimming
Mcgivern,McGIVERN Mark,195,87,GBR,M,Volleyball
Page,Julie,188,85,GBR,W,Basketball
Danson,Alex,171,56,GBR,W,Hockey
Weale,Sam,187,83,GBR,M,Modern Pentathlon
Oates,Colin,181,66,GBR,M,Judo
Woodbridge,Nick,188,78,GBR,M,Modern Pentathlon
Yamauchi,Mara,162,51,GBR,W,Athletics
Hargreaves,Sarah,185,84,GBR,W,Handball
Solesbury,Tom,199,97,GBR,M,Rowing
Reinking,Nate,189,88,GBR,M,Basketball
Smith,Kelly,156,58,GBR,W,Football
Macgregor,Lucy,158,63,GBR,W,Sailing
Parker,Barbara,171,52,GBR,W,Athletics
King,Dani,175,62,GBR,W,Cycling - Track
Wills,Alan,179,84,GBR,M,Archery
Macleod,Hannah,172,67,GBR,W,Hockey
Weightman,Laura,172,56,GBR,W,Athletics
White,Nicola,170,62,GBR,W,Hockey
Beattie,Lynne,182,65,GBR,W,Volleyball
Yankey,Rachel,164,56,GBR,W,Football
Waterfield,Pete,165,64,GBR,M,Diving
Cassar,Georgina,170,61,GBR,W,Gymnastics - Rhythmic
Joshua,Anthony,198,106,GBR,M,Boxing
French,Nathan,191,86,GBR,M,Volleyball
Allen,Joe,170,65,GBR,M,Football
Scott,Ed,197,85,GBR,M,Water Polo
Faulds,Richard,180,83,GBR,M,Shooting
Hayes,Stuart,188,72,GBR,M,Triathlon
Couch,Tonia,163,58,GBR,W,Diving
Glover,Helen,178,70,GBR,W,Rowing
Smith,Alexander,183,115,GBR,M,Athletics
Satch,Will,194,94,GBR,M,Rowing
Willmott,Aimee,172,56,GBR,W,Swimming
Waller,Jack,187,95,GBR,M,Water Polo
Robinson,Glen,188,90,GBR,M,Water Polo
Honeybone,James,192,81,GBR,M,Fencing
Foad,James,185,90,GBR,M,Rowing
Reade,Shanaze,170,76,GBR,W,Cycling - BMX
Gladding,Monique,162,57,GBR,W,Diving
Austin,James,188,100,GBR,M,Judo
White,Ellen,170,58,GBR,W,Football
Vernon,Annie,178,75,GBR,W,Rowing
Loughran,Marco,186,75,GBR,M,Swimming
Knobbs,Jennifer,155,49,GBR,W,Synchronised Swimming
Johnson,Kyle,194,93,GBR,M,Basketball
Webb,David,178,62,GBR,M,Athletics
Mccarthy,McCARTHY Alex,193,88,GBR,M,Football
Williams,Rob,185,75,GBR,M,Rowing
Chambers,Richard,183,74,GBR,M,Rowing
Godfrey,Larry,178,84,GBR,M,Archery
Marshall,Savannah,181,75,GBR,W,Boxing
Okoro,Marilyn,167,60,GBR,W,Athletics
Pooley,Emma,157,48,GBR,W,Cycling - Road
Ling,Ed,178,76,GBR,M,Shooting
Pinner,George,193,93,GBR,M,Hockey
Bakare,Peter,196,93,GBR,M,Volleyball
Dobriskey,Lisa,171,56,GBR,W,Athletics
Goodwin,Britt,163,68,GBR,W,Handball
Zhang,Zhaoxu,219,110,CHN,M,Basketball
Blas Jr,Ricardo,185,218,GUM,M,Judo
Teramoto,Asuka,136,30,JPN,W,Gymnastics - Artistic
